{
  "id": 2,
  "name": "backup_20250831_215249_teste_script",
  "type": "teste_script",
  "timestamp": "2025-08-31T21:52:49.021991",
  "status": "in_progress",
  "files": [
    "database/administradores.sql",
    "database/dp_users.sql",
    "database/porteiros.sql",
    "database/relatorios.sql",
    "database/tipos_relatorio.sql",
    "database/trafego_users.sql",
    "static/css\\style.css",
    "static/images\\logoAtl.jpeg",
    "static/js\\admin.js",
    "static/js\\app.js",
    "static/js\\dp.js",
    "static/js\\login.js",
    "static/js\\trafego.js",
    "config/requirements.txt",
    "config/env.example",
    "config/.gitignore"
  ],
  "size": 0,
  "error": null
}